jwh@hotmail.co,Jeremy,Wardell,Huddleston,1991-02-13,1000
tabitha.stacey@gmail.com,Tabitha,,Stacey,2005-09-10,1000
srrogers@yahoo.co.uk,Sue,Rosemary,Rogers,1965-07-30,1000
final_fantasy_freak1993@hotmail.com,Kirsten,Aileen Louise,Jackman,1993-10-28,1000
sylvia.hathaway@gmail.com,Sylvia,Loraine,Hathaway,2004-01-02,1000
louis.payne@gmail.com,Louis,Kennard,Payne,2000-05-31,1000
u_marsden@gmail.com,Ulysses,,Marsden,1977-05-07,1000
gary_the_man@yahoo.co.uk,Gary,Carl,Marsden,1985-10-12,1000
butch@xyz.club,Jamie,Eugene Korey,Butcher,1985-09-21,1000
leighton.buzzard@gmail.com,Leighton,Alan,Buzzard,1980-05-17,1000
mad_maddy@gmail.com,Madeleine,,Daubney,1991-03-08,1000
tasha.marsden@gmail.com,Natasha,Joy Bernardette Louise,Marsden,1993-10-28,1000
