jwh@hotmail.co,01314960470,home
tabitha.stacey@gmail.com,07837585417,mobile
srrogers@yahoo.co.uk,07700900949,mobile
final_fantasy_freak1993@hotmail.com,07700900909,mobile
sylvia.hathaway@gmail.com,07700900939,mobile
louis.payne@gmail.com,07700900654,mobile
u_marsden@gmail.com,01314960745,home
gary_the_man@yahoo.co.uk,01514960777,home
butch@xyz.club,07969438448,mobile
leighton.buzzard@gmail.com,01174960714,home
leighton.buzzard@gmail.com,01314960962,work
mad_maddy@gmail.com,02079460501,home
mad_maddy@gmail.com,01154960961,work
tasha.marsden@gmail.com,07889344229,mobile
